id,target,prediction
JVASP-34216,-1.549630045890808,-1.5302114486694336
JVASP-44637,-3.0032598972320557,-2.978363275527954
JVASP-88736,-2.637969970703125,-2.6265957355499268
JVASP-116414,-3.05787992477417,-3.0319783687591553
JVASP-42840,-2.2942399978637695,-2.2691195011138916
