id,target,prediction
JVASP-30725,-0.9376400113105774,-0.9303596615791321
JVASP-50783,-1.6642299890518188,-1.6633111238479614
JVASP-121222,-1.8909900188446045,-1.8854905366897583
JVASP-49673,-2.407409906387329,-2.382110357284546
JVASP-117063,-2.0017099380493164,-1.984114170074463
