id,target,prediction
JVASP-115476,-0.5084499716758728,-0.506118655204773
JVASP-9720,-1.5721499919891357,-1.5725277662277222
JVASP-114924,3.3838300704956055,3.3822731971740723
JVASP-116053,-0.41892001032829285,-0.4159218966960907
JVASP-120007,1.4588700532913208,1.091937780380249
