id,target,prediction
JVASP-57496,-2.5002799034118652,-2.499328374862671
JVASP-88067,-2.1140899658203125,-2.1095693111419678
JVASP-32228,-0.7383999824523926,-0.7242206931114197
JVASP-11489,-1.4112999439239502,-1.4048516750335693
JVASP-55752,-1.6823500394821167,-1.6766771078109741
