id,target,prediction
JVASP-76272,-0.8240100145339966,-0.8193966746330261
JVASP-93373,-1.1116399765014648,-1.113508701324463
JVASP-118360,-1.3820099830627441,-1.384570598602295
JVASP-92574,1.6558500528335571,1.6560720205307007
JVASP-63743,0.16175000369548798,0.18378978967666626
