id,target,prediction
JVASP-1645,1.9366099834442139,1.9301410913467407
JVASP-7127,-0.4893200099468231,-0.4961480498313904
JVASP-118841,-0.764930009841919,-0.7790697813034058
JVASP-119224,-1.200760006904602,-1.2052804231643677
JVASP-53122,-1.2221800088882446,-1.2255544662475586
